{
  "project_info": {
    "project_number": "496855724627",
    "project_id": "rus-projekt",
    "storage_bucket": "rus-projekt.appspot.com"
  },
  "client": [
    {
      "client_info": {
        "mobilesdk_app_id": "1:496855724627:android:5c3b9683aa359dc6d64ca6",
        "android_client_info": {
          "package_name": "com.example.rus_application_no_kotlin"
        }
      },
      "oauth_client": [],
      "api_key": [
        {
          "current_key": "AIzaSyClk5QUbUyTUdTVjoC2rkEuXMDEst1Lfww"
        }
      ],
      "services": {
        "appinvite_service": {
          "other_platform_oauth_client": []
        }
      }
    }
  ],
  "configuration_version": "1"
}